Country,ScenarioLabel,TreatmentYear,PreferredConvention,PreRMSPEPct,PostRMSPEPct,RMSPERatio,RMSPERatioPlaceboRank,RMSPERatioOneSidedPValue,MeanGapPctCommonWindow,MeanGapPlaceboRank,MeanGapOneSidedPValue,PostWindowStart,PostWindowEnd,CommonWindowStart,CommonWindowEnd,NumPlaceboUnits
Chile,2009 placebo start,2009,False,8.925059477462815,18.290749894617587,2.0493700844016356,4,0.3333333333333333,-17.573027913919635,12,1.0,2009,2019,2010,2019,11
Chile,2010 baseline start,2010,True,10.348477984423402,5.007262243648511,0.48386460803081144,12,1.0,-4.688372959480452,9,0.75,2010,2019,2010,2019,11
Chile,2011 placebo start,2011,False,7.323124148668918,2.757014493797035,0.3764806437561436,12,1.0,-1.8035633009318126,9,0.75,2011,2019,2010,2019,11
