product,country,treated_unit,avg_post_gap_pct,max_post_gap_pct,gap_2016_pct,pre_rmspe_pct,post_rmspe_pct
pcnl_harmonized,Chile,VII Del Maule,13.00748910390792,19.087805115368358,14.155392591293307,1.82683477690237,13.651719615485524
pcnl_harmonized,New Zealand,Canterbury,7.755422943421574,13.641931955264678,10.037106596620601,3.9938199125258653,9.550870852409263
viirs_extrapolated,Chile,VII Del Maule,7.955487218558423,17.35193163676611,4.3425606033448805,0.6650518349129364,9.405912796273821
viirs_extrapolated,New Zealand,Canterbury,12.052576452457082,24.555274709826406,13.858638194175466,0.86181359311623,14.888613137651417
