product,country,treated_unit,avg_post_gap_pct,max_post_gap_pct,gap_2016_pct,pre_rmspe_pct,post_rmspe_pct
pcnl_harmonized,Chile,VII Del Maule,13.0074891039,19.0878051154,14.1553925913,1.8268347769,13.6517196155
pcnl_harmonized,New Zealand,Canterbury,7.7554229434,13.6419319553,10.0371065966,3.9938199125,9.5508708524
viirs_extrapolated,Chile,VII Del Maule,7.9554872186,17.3519316368,4.3425606033,0.6650518349,9.4059127963
viirs_extrapolated,New Zealand,Canterbury,12.0525764525,24.5552747098,13.8586381942,0.8618135931,14.8886131377
