outcome,avg_post_gap_percent,max_post_gap_percent,gap_2016_percent
gdp_per_capita,6.8315291150994915,13.683289434624047,12.748159350627612
population,-3.6437164855415776,-1.4543863937850443,-3.6590905739117843
total_gdp,4.846994353360529,13.406968672648562,5.625813763406681
