outcome,avg_post_gap_percent,max_post_gap_percent,gap_2016_percent
gdp_per_capita,6.824704997224548,13.676096775293345,12.717422607832873
population,-3.6283459577256774,-1.4302111302062026,-3.630981260994041
total_gdp,5.011329234448885,13.500433349057184,5.917947607643493
