Country,Estimator,MeanPostGapPct,PreRMSPEPct,PostRMSPEPct,SelectedLambda
Chile,SCM,-1.7100023218056883,3.3780137450203913,2.5084379071842626,
Chile,SDID,-5.082529759188819,3.1410508540811914,5.346016513499652,
Chile,Penalized SCM,-1.4573200521970242,3.0427495453899436,2.3210507885679537,0.001
New Zealand,SCM,7.789414578119533,1.0207812143697828,8.768982067258634,
New Zealand,SDID,7.759919963741208,1.7268804697814293,8.549329889535374,
New Zealand,Penalized SCM,6.516482529920715,0.6693360971031432,7.458652819506319,0.001
