Country,Outcome,Scale,TreatmentYear,PostEndYear,MeanPostGap,MeanPostGapPctOfSynthetic,PreRMSPE,PostRMSPE,RMSPERatio,PseudoPValue,MeanPostGapPP
New Zealand,Construction_share,share,2011,2019,0.025327843976654656,42.75998022855752,0.0014321137662729954,0.0280575143787688,19.591679822886615,0.0,2.5327843976654654
New Zealand,NonConstruction_share,share,2011,2019,-0.02134658235258359,-2.2800295397114714,0.003160987500628101,0.024628643309485946,7.791439638591464,0.0,-2.134658235258359
New Zealand,NonConstruction_level,level,2011,2019,911.2263978881209,3.5283764529650057,531.5104660290007,1129.3406953969436,2.1247760252670616,0.8666666666666667,
Chile,Construction_share,share,2010,2015,0.01822275601600201,25.48338780698378,0.013577440198804362,0.020354005440558827,1.4991047754606361,0.3333333333333333,1.8222756016002009
Chile,NonConstruction_share,share,2010,2015,-0.020106663210711306,-2.1606346277641957,0.014257531179046089,0.02233228449587008,1.5663500374238168,0.3333333333333333,-2.0106663210711306
Chile,NonConstruction_level,level,2010,2015,-12.511196942346038,-33.98128150747707,13.754809764442754,12.901249204475285,0.9379445754187027,0.4166666666666667,
