Country,Outcome,Scale,TreatmentYear,PostEndYear,MeanPostGap,MeanPostGapPctOfSynthetic,PreRMSPE,PostRMSPE,RMSPERatio,PseudoPValue,MeanPostGapPP
New Zealand,Construction_share,share,2011,2019,0.025309379599120187,42.69611969685105,0.0014667807113132908,0.028062889072466388,19.132300320025422,0.0,2.5309379599120185
New Zealand,NonConstruction_share,share,2011,2019,-0.021340331540021105,-2.2793783514002253,0.0031619496551229974,0.024622790186769425,7.787217657585259,0.0,-2.1340331540021107
New Zealand,NonConstruction_level,level,2011,2019,789.0116555312904,3.1446424741194665,571.5170254546947,1099.8813051891082,1.924494382847214,0.8,
Chile,Construction_share,share,2010,2015,0.018222690349060565,25.483267674670135,0.013577436589955368,0.02035393641916204,1.4991000903823002,0.16666666666666666,1.8222690349060564
Chile,NonConstruction_share,share,2010,2015,-0.020106663087006444,-2.1606346152334677,0.014257531120265114,0.022332284238874317,1.5663500258563037,0.3333333333333333,-2.0106663087006442
Chile,NonConstruction_level,level,2010,2015,-1.6193586473790773,-6.659635478271006,1.7395889535585214,1.8853274251818597,1.0837775333794883,0.4166666666666667,
