Country,Outcome,Scale,TreatmentYear,PostEndYear,MeanPostGap,MeanPostGapPctOfSynthetic,PreRMSPE,PostRMSPE,RMSPERatio,PseudoPValue,MeanPostGapPP
New Zealand,Goods_non_construction_share,share,2011,2019,0.007009587375176201,4.035237298939539,0.009457024824047186,0.009587276696935479,1.013773028548798,0.6666666666666666,0.7009587375176202
New Zealand,Services_non_construction_share,share,2011,2019,-0.03989245536158898,-5.134202515526548,0.009325287732901836,0.04060412832389687,4.354195761771064,0.06666666666666667,-3.989245536158898
Chile,Goods_non_construction_share,share,2010,2015,-0.04348639238995414,-9.916269975415672,0.031052735450383947,0.05083428229889892,1.6370307337375132,0.4166666666666667,-4.348639238995414
Chile,Services_non_construction_share,share,2010,2015,0.056243715924067746,12.02992614058695,0.021727784605746776,0.0580892390959699,2.6735003199822724,0.16666666666666666,5.624371592406774
