Country,Outcome,Scale,TreatmentYear,PostEndYear,MeanPostGap,MeanPostGapPctOfSynthetic,PreRMSPE,PostRMSPE,RMSPERatio,PseudoPValue,MeanPostGapPP
New Zealand,Goods_non_construction_share,share,2011,2019,0.007297365409084998,4.206765147995309,0.009471979747981408,0.009811231397711862,1.035816340274878,0.6666666666666666,0.7297365409084998
New Zealand,Services_non_construction_share,share,2011,2019,-0.042346385442016285,-5.433428597125665,0.009673330136987351,0.04301175021946676,4.44642637130777,0.06666666666666667,-4.234638544201628
Chile,Goods_non_construction_share,share,2010,2015,-0.04348492460497011,-9.915960476081374,0.03105285076416512,0.050832956099165445,1.6369819468499973,0.4166666666666667,-4.348492460497011
Chile,Services_non_construction_share,share,2010,2015,0.05624404142295391,12.03000383459898,0.021727774543414433,0.05808955536846841,2.67351611424351,0.4166666666666667,5.624404142295391
