Country,ScenarioID,ScenarioLabel,ExcludedDonors,DonorCount,TreatmentYear,MeanPostGapPct,PreRMSPEPct,PostRMSPEPct,PostPreRMSPERatio,RMSPERatioPlaceboRank,RMSPERatioPValue,MeanGapPlaceboRank,MeanGapPValue,TopDonor,TopDonorWeight,DeltaVsBaselinePP
Chile,baseline,Baseline (Biobio excluded),(none),11,2010,-1.7099423242010694,6.5689913376075895,2.5083745614551147,0.38185079451918696,11,0.9166666666666666,4,0.3333333333333333,IX De La Araucanía,0.356,0.0
Chile,exclude_ohiggins,Ring 1: exclude O'Higgins,VI Del Libertador General Bernardo OHiggins,10,2010,-5.420281377568038,9.581637148310408,5.625979019869619,0.5871626041340633,10,0.9090909090909091,4,0.36363636363636365,IX De La Araucanía,0.45,-3.710339053366969
Chile,exclude_ohiggins_araucania,Ring 2: exclude O'Higgins + Araucania,VI Del Libertador General Bernardo OHiggins; IX De La Araucanía,9,2010,-0.6833397946630612,4.853066025476276,2.928537664159537,0.6034407215533674,9,0.9,3,0.3,IV De Coquimbo,0.559,1.0266025295380081
New Zealand,baseline,Baseline donor pool,(none),14,2011,7.517880806621573,1.0256226499940673,8.470813454741682,8.25919109215332,1,0.06666666666666667,4,0.26666666666666666,Auckland,0.32,0.0
New Zealand,exclude_auckland_wellington,Ring 1: exclude Auckland + Wellington,Auckland; Wellington,12,2011,10.890949599892188,4.393434307099069,11.51103756080806,2.6200545532701174,4,0.3076923076923077,2,0.15384615384615385,Otago,0.52,3.3730687932706154
New Zealand,exclude_metro_corridor,Ring 2: North-Island corridor exclusion,Auckland; Wellington; Waikato; Bay of Plenty; Hawke's Bay; Manawatu-Whanganui,8,2011,5.626857111535408,2.564285735223516,6.721667148633037,2.621262933495647,1,0.1111111111111111,4,0.4444444444444444,Otago,0.914,-1.8910236950861652
